Lektion,Deutsch,Turkisch,Arabisch (العربية),Farsi (فارسی),Kurdisch (Kurmancî),Ukrainisch (Українська),Englisch,Beispiel Satz
1,die Herkunft (Sg.),"Köken, asıl",أصل / منشأ,اصالت / منشأ,Reha / Jêder,походження,origin,Viele Menschen in Metropolen haben eine multikulturelle Herkunft.
1,"das Motiv, -e","Motif, neden",دافع / سبب,انگیزه / دلیل,Sedem / Motîv,мотив,motive / reason,Das Motiv für seine Kündigung war der Wunsch nach Veränderung.
1,entwerfen,Tasarlamak,يصمم / يخطط,طراحی کردن,Sêwirandin,проектувати,to design / draft,Die Architektin hat ein nachhaltiges Konzept für das neue Viertel entworfen.
1,kommentieren,Yorum yapmak,يعلق على,تفسیر کردن,Şirove kirin,коментувати,to comment,Die Presse weigerte sich, die privaten Angelegenheiten zu kommentieren.
1,"die Alternative, -n",Alternatif,بديل,جایگزین,Alternatîf,альтернатива,alternative,Wir müssen eine umweltfreundliche Alternative zu Plastik finden.
1,"die Aufzählung, -en","Sayma, sıralama",تعداد / حصر,فهرست / شمارش,Hejmartin / Rêzkirin,перелік,list / enumeration,Eine kurze Aufzählung der wichtigsten Punkte hilft zur Übersicht.
1,"die Einschränkung, -en",Kısıtlama,تقييد / تحديد,محدودیت,Sînorkirin,обмеження,restriction,Aufgrund der Baustelle gibt es massive Einschränkungen im Bahnverkehr.
1,"der Gegensatz, -¨e",Karşıtlık,تضاد / عكس,تضاد / مخالف,Dijberî,протилежність,contrast / opposite,Im Gegensatz zu früher sind Informationen heute überall verfügbar.
1,"der Geschmack, -¨er","Tat, zevk",ذوق / طعم,سلیقه / مزه,Tam / Çêjt,смак,taste,Über Geschmack lässt sich streiten, da jeder andere Vorlieben hat.
1,denselben Geschmack haben,Aynı zevke sahip olmak,نفس الذوق,سلیقه مشابه,Heman tamê hebe,мати той самий смак,to have the same taste,Es ist toll, dass mein bester Freund und ich fast immer denselben Geschmack haben.
1,"das Missverständnis, -se",Yanlış anlama,سوء تفاهم,سوءتفاهم,Şaşfêmkirin,непорозуміння,misunderstanding,Durch klare Kommunikation lassen sich viele Missverständnisse vermeiden.
1,"die Neuigkeit, -en","Haber, yenilik",خبر جديد,خبر تازه,Nûçe / Nûbûn,новина,news / novelty,Ich habe eine spannende Neuigkeit für dich, die unsere Reise betrifft.
1,Neuigkeiten austauschen,Haberleşmek,تبادل الأخبار,تبادل اخبار,Nûçe guhertin,обмінюватися новинами,to exchange news,Wir treffen uns heute Abend, um gemütlich Neuigkeiten auszutauschen.
1,"die Umfrage, -n",Anket,استطلاع رأي,نظرسنجی,Lêpirsîn / Anket,опитування,survey / poll,Laut einer aktuellen Umfrage ist die Mehrheit für mehr Umweltschutz.
1,anvertrauen,Güvenip söylemek,يأتمن / يفشي سراً,اعتماد کردن,Spartin / Bawer kirin,довіряти,to entrust / confide,Ich würde ihm jederzeit meine tiefsten Geheimnisse anvertrauen.
1,jemandem etwas ausmachen,Birine sorun teşkil etmek,يضايق شخصاً ما,مزاحم کسی شدن,Ji bo yekî ferq kirin,заважати / мати значення,to bother s.o.,Würde es dir etwas ausmachen, wenn wir das Meeting verschieben?
1,bezeichnen,Tanımlamak,وصف / سمى,نامیدن / توصیف کردن,Navandin / Binavkirin,називати / позначати,to designate / describe,Man bezeichnet ihn oft als den fähigsten Experten auf diesem Gebiet.
1,sich verlassen auf (+Akk),Birine güvenmek,يعتمد على,اعتماد کردن به,Pişta xwe germ kirin,покладатися на,to rely on,In schwierigen Zeiten muss man sich auf seine Freunde verlassen können.
1,verstehen unter (+Dat),...den bir şey anlamak,يقصد بـ / يفهم من,فهمیدن از,Fêmkirin ji,розуміти під чимось,to understand by,Was genau verstehen Sie unter dem Begriff der sozialen Gerechtigkeit?
1,hin- und hergerissen sein,Kararsız kalmak,متردد / حائر,دو دل بودن,Di navberê de man,вагатися,to be torn,Ich bin hin- und hergerissen, ob ich das Jobangebot annehmen soll.
1,(sich) aus den Augen verlieren,İzini kaybetmek,فقدان التواصل,گم کردن همدیگر,Hevdu windakirin,втратити з виду,to lose touch,Nach der Schule haben wir uns leider völlig aus den Augen verloren.
1,lose,"Gevşek, serbest",مفكك / غير مترابط,شل / رها,Sist / Berdayî,вільний / незв'язаний,loose / casual,Wir haben nur einen losen Kontakt zu den Nachbarn von früher.
1,einerseits – andererseits,Bir yandan – öte yandan,من ناحية - ومن ناحية أخرى,از یک طرف - از طرف دیگر,Ji aliyekî - ji aliyê din,з одного боку - з іншого,on the one hand – on the other,Einerseits möchte ich reisen, andererseits muss ich sparen.
1,entweder – oder,Ya ... ya da,إما - أو,یا - یا,Yan - yan jî,або - або,either – or,Wir können uns entweder im Kino treffen oder wir gehen essen.
1,nicht nur – sondern auch,Sadece değil ... hem de,ليس فقط - بل أيضاً,نه تنها - بلکه,Ne tenê - her wiha,не тільки - а й,not only – but also,Er spricht nicht nur fließend Deutsch, sondern auch Japanisch.
1,sowohl – als auch,Hem ... hem de,كلاهما / هذا وذاك,هم - هم,Hem - hem jî,як - так і,both – and,Sowohl der Chef als auch die Mitarbeiter waren sehr zufrieden.
1,weder – noch,Ne ... ne de,لا - ولا,نه - نه,Ne - ne jî,ні - ні,neither – nor,Ich habe heute weder Zeit noch Lust, mich damit zu befassen.
1,zwar – aber,Gerçi ... ama,صحيح - لكن,هرچند - اما,Her çend - lê,хоча - але,indeed – but,Das Auto ist zwar sehr teuer, aber es ist technisch auf dem neuesten Stand.
2,"das Profil, -e",Profil,ملف شخصي,نمایه / پروفایل,Profîl,профіль,profile,Er hat sein berufliches Profil auf LinkedIn aktualisiert.
2,"die Anforderung, -en","Talep, gereklilik",متطلب / شرط,تقاضا / الزام,Daxwaz / Merc,вимога,requirement,Die Anforderungen für diese Stelle sind sehr hoch.
2,"der Bereich, -e","Alan, bölge",مجال / نطاق,حوزه / بخش,Qad / War,область / сфера,area / field,Sie arbeitet im Bereich der künstlichen Intelligenz.
2,"das Bundesgebiet, -e",Federal bölge,الأراضي الاتحادية,قلمرو فدرال,Herêma federal,територія федерації,federal territory,Das Unternehmen bietet seine Dienste im gesamten Bundesgebiet an.
2,"die Klinik, -en","Klinik, hastane",عيادة / مستشفى,درمانگاه / کلینیک,Klînîk / Nexweşxane,клініка,clinic / hospital,Nach seinem Unfall wurde er sofort in eine Klinik gebracht.
2,"das Konzept, -e","Konsept, taslak",مفهوم / مخطط,طرح / کانسپت,Konsept / Plan,концепція,concept,Wir müssen ein neues Konzept für die Produktion entwickeln.
2,"die Messe, -n",Fuar,معرض,نمایشگاه,Pêşangeh,ярмарок / виставка,trade fair,Auf der Buchmesse präsentieren Verlage ihre neuesten Bücher.
2,"die Schicht, -en","Vardiya, tabaka",وردية / طبقة,نوبت کاری / لایه,Tebeqe,зміна / шар,shift,In diesem Werk wird in drei Schichten gearbeitet.
2,"der Schichtdienst, -e",Vardiyalı çalışma,نظام الورديات,کار نوبتی,Karê bi nobet,робота змінами,shift work,Der Schichtdienst stört oft den natürlichen Schlafrhythmus.
2,"die Spontaneität, -en",Kendiliğindenlik,عفوية,خودجوشی,Xweserî,спонтанність,spontaneity,In diesem Beruf ist ein gewisses Maß an Spontaneität wichtig.
2,"das Unternehmen, -","İşletme, şirket",شركة / مؤسسة,شرکت / بنگاه,Parganî,підприємство,company,Das Unternehmen plant, seine Produktion ins Ausland zu verlegen.
2,"die Visitenkarte, -n",Kartvizit,بطاقة عمل,کارت ویزیت,Karta serdanê,візитка,business card,Er überreichte mir seine Visitenkarte für weiteren Kontakt.
2,"die Vorlesung, -en",Üniversite dersi,محاضرة جامعية,سخنرانی / درس,Dersa zanîngehê,лекція,lecture,Die Vorlesung über Physik war heute sehr kompliziert.
2,erläutern,"Açıklamak, izah etmek",يوضح / يشرح,توضیح دادن,Şirove kirin,пояснювати,to explain,Könnten Sie bitte die Details der neuen Bedingungen erläutern?
2,forschen,Araştırmak,يبحث / يستقصي,پژوهش کردن,Lêkolîn kirin,досліджувати,to research,Wissenschaftler forschen weltweit an einem neuen Impfstoff.
2,knüpfen,"Bağlamak, düğümlemek",يربط / يعقد,گره زدن,Girêdan,зав'язувати,to tie / to establish,Es ist wichtig, auf Geschäftsreisen neue Kontakte zu knüpfen.
2,mobil sein,Hareketli olmak,أن يكون متنقلاً,سیار بودن,Gerok bûn,бути мобільним,to be mobile,In der heutigen Arbeitswelt muss man oft örtlich mobil sein.
2,ins Stocken geraten,"Duraksamak, tıkanmak",يتوقف / يتلعثم,به لکنت افتادن,Asê man,застрягати / зупинятися,to falter / stall,Die Verhandlungen sind aufgrund des Preises ins Stocken geraten.
2,tätig sein,Çalışıyor olmak,يعمل / ينشط,فعال بودن,Şixulîn,працювати,to be active/employed,Er ist seit Jahren als freiberuflicher Übersetzer tätig.
2,zur Verfügung haben,Elinin altında bulunmak,يمتلك / تحت تصرفه,در اختیار داشتن,Di dest de bûn,мати у розпорядженні,to have available,Für das neue Projekt haben wir nur ein begrenztes Budget zur Verfügung.
3,"das Medium, -ien","Medya, araç",وسيلة / ميديا,رسانه,Medya / Amraz,засіб / медіум,medium,Das Internet ist das wichtigste Medium für Nachrichten geworden.
3,"die Nutzung, -en",Kullanım,استخدام,بهره‌برداری,Bikaranîn,використання,usage,Die übermäßige Nutzung von Handys kann die Konzentration stören.
3,benutzen,Kullanmak,يستخدم,استفاده کردن,Bi kar anîn,користуватися,to use,Heutzutage benutzen fast alle Menschen Apps zur Organisation.
3,nutzen,Yararlanmak,يستفيد من,بهره بردن,سud girtin,використовувати,to use / benefit,Wir sollten moderne Technologien nutzen, um Probleme zu lösen.
3,"die Buchhändlerin, -nen",Kadın kitapçı,بائعة كتب,کتاب‌فروش (زن),Pirtûkfiroş,книгарка,book seller (female),Die Buchhändlerin empfahl mir ein spannendes Buch für den Urlaub.
3,"die Lesung, -en",Okuma etkinliği,قراءة أدبية,جلسه‌ی کتاب‌خوانی,Xwendin,читання (публічне),reading,Gestern Abend fand in der Bibliothek eine interessante Lesung statt.
3,"die Neuheit, -en",Yenilik,ابتكار / حداثة,نوآوری,Nûbûn,новинка,novelty / new product,Auf der Messe wurden zahlreiche Neuheiten im Bereich Robotik vorgestellt.
3,"das Sachbuch, -¨er",Kurgusal olmayan kitap,كتاب واقعي,کتاب غیرداستانی,Pirtûka zanistî,науково-популярна книга,non-fiction book,Ich lese momentan ein informatives Sachbuch über Astronomie.
3,"der Stammkunde, -n",Daimi müşteri,زبون دائم,مشتری پر و پا قرص,Mişteriyê herdemî,постійний клієнт,regular customer,Als Stammkunde erhält er in diesem Laden regelmäßig Rabatte.
3,animieren zu,...ya teşvik etmek,يحفز على,ترغیب کردن به,Handan,спонукати до,to encourage to,Der Lehrer versucht, seine Schüler zum Lesen zu animieren.
3,beurteilen,"Yargılamak, değerlendirmek",يحكم على / يقيم,قضاوت کردن,Nirxandin,оцінювати,to judge / assess,Es ist oft schwer, die Qualität eines Werkes objektiv zu beurteilen.
3,quatschen,"Çene çalmak, boş konuşmak",يدردش / يخرف,گپ زدن,Gewze kirin,базікати,to chat,Wir haben den ganzen Nachmittag nur über belanglose Dinge gequatscht.
4,"das Bildungswerk, -e",Eğitim kurumu,مؤسسة تعليمية,مؤسسه آموزشی,Saziya perwerdeyê,освітня установа,educational institution,Das Bildungswerk bietet Kurse zur beruflichen Weiterbildung an.
4,der Bundesfreiwilligendienst,Federal gönüllü hizmeti,الخدمة التطوعية الاتحادية,خدمت داوطلبانه فدرال,Xizmeta xwebexş,волонтерська служба,federal volunteer service,Nach dem Abitur entscheiden sich viele für den Bundesfreiwilligendienst.
4,Dienst leisten,Hizmet etmek,يؤدي خدمة,خدمت کردن,Xizmet kirin,проходити службу,to do volunteer service,Er möchte ein Jahr lang Freiwilligendienst leisten.
4,"die Einrichtung, -en","Kurum, tesis",منشأة / مؤسسة,مؤسسه / نهاد,Sazî / Dezgeh,установа / заклад,facility / institution,Diese soziale Einrichtung unterstützt obdachlose Menschen.
4,die Behindertenwerkstatt,Engelliler atölyesi,ورشة عمل لذوي الاحتياجات,کارگاه معلولان,Atolyeya astengdaran,майстерня для інвалідів,workshop for disabled,In der Behindertenwerkstatt werden Holzspielzeuge gefertigt.
4,"die Beliebtheitsskala, -en",Popülerlik skalası,مقياس الشعبية,مقیاس محبوبیت,Pîvana hezkirinê,шкала популярності,popularity scale,Auf der Beliebtheitsskala steht der Mechatroniker ganz oben.
4,"die Dienstleistung, -en",Hizmet,خدمة,خدمت,Karûbar / Xizmet,послуга,service,Unser Unternehmen ist auf digitale Dienstleistungen spezialisiert.
4,"die/der Einheimische, -n",Yerli halk,المواطن المحلي,فرد بومی,Xelkê herêmî,місцевий житель,local (person),Die Einheimischen kennen die besten Wege, die in keinem Buch stehen.
5,"die Fotomontage, -n",Fotomontaj,مونتاج الصور,فوتومونتاژ,Fotomontaj,фотомонтаж,photomontage,Durch Fotomontage werden oft unrealistische Schönheitsideale erzeugt.
5,"das Hilfsmittel, -",Yardımcı araç,وسيلة مساعدة,ابزار کمکی,Amraza alîkar,допоміжний засіб,aid / tool,Brillen sind wichtige Hilfsmittel für Millionen von Menschen.
5,"die Kampagne, -n",Kampanya,حملة,کمپین,Kampanya,кампанія,campaign,Die neue Kampagne setzt auf Natürlichkeit in der Werbung.
5,"das Styling, -s",Stil verme,تصفيف / تجميل,استایل,Şêwazdan,стайлінг,styling,Ein professionelles Styling kann das Selbstbewusstsein stärken.
5,wirken,Etki etmek / görünmek,يؤثر / يبدو,اثر کردن / به نظر رسیدن,Tesîr kirin / Xuya bûn,діяти / справляти враження,to work / seem,Dunkle Farben wirken oft eleganter in großen Räumen.
5,"die Ausgabe, -n",Baskı / Yayın,طبعة / إصدار,نسخه / انتشار,Çap / Weşandin,видання / випуск,issue / edition,In der aktuellen Ausgabe werden die neuesten Trends vorgestellt.
5,"die Ausschreibung, -en",İlan / İhale,مناقصة / إعلان رسمي,فراخوان / آگهی,Daxuyanî,оголошення,tender / announcement,Das Unternehmen hat eine Ausschreibung für ein neues Logo veröffentlicht.
6,"die Galerie, -n",Galeri,معرض فنون,گالری,Galeri,галерея,gallery,In dieser Galerie werden Werke zeitgenössischer Künstler ausgestellt.
6,kulinarisch,Mutfakla ilgili,طهوي,مربوط به آشپزی,Tîmara xwarinê,кулінарний,culinary,Die Stadt bietet eine große kulinarische Vielfalt an Restaurants.
6,"die App, -s",Uygulama,تطبيق,اپلیکیشن,App / Bername,додаток,app,Dank dieser App kann man den Nahverkehr in Echtzeit verfolgen.
6,"der Betrieb, -e",İşletme / Çalışma,مؤسسة / تشغيل,واحد صنعتی / کار,Kargeh / Şixulandin,підприємство / експлуатація,business / operation,Viele kleine Betriebe mussten während der Krise leider schließen.
6,in Betrieb sein,Çalışır durumda olmak,قيد التشغيل,در حال کار بودن,Di xebatê de bûn,бути в експлуатації,to be in operation,Die neue Anlage wird voraussichtlich ab nächstem Monat in Betrieb sein.
7,die Bezugsperson,"Referans kişi, destek alınan kişi",الشخص المرجعي,شخص مورد اعتماد,Kesê piştgir,довірена особа,person of reference,Für Kinder ist die Mutter oft die wichtigste Bezugsperson.
7,der Haushalt,"Ev halkı, ev işleri",أسرة / تدبير منزلي,خانوار / کارهای خانه,Maltab / Malbat,домашнє господарство,household,In unserem Haushalt teilen wir uns alle Aufgaben gerecht auf.
7,das Verhältnis,"İlişki, oran",علاقة / نسبة,رابطه / نسبت,Têkilî / Rêje,стосунки / відношення,relationship / ratio,Sie hat ein sehr enges Verhältnis zu ihrer Großmutter.
7,bestehen aus,-den oluşmak,يتكون من,تشکیل شدن از,Pêk hatin ji,складатися з,to consist of,Das Team besteht aus Experten aus verschiedenen Fachrichtungen.
7,befreundet sein mit,Biriyle dost olmak,مصادق لـ,دوست بودن با,Heval bûn bi,бути друзями з,to be friends with,Ich bin schon seit meiner Kindheit mit meinem Nachbarn befreundet.
7,verwandt sein mit,Biriyle akraba olmak,قريب لـ,فامیل بودن با,Mirov bûn bi,бути родичем,to be related to,Wusstest du schon, dass ich mit dem berühmten Schauspieler verwandt bin?
7,verheiratet sein,Evli olmak,متزوج,متاهل بودن,Zewicî bûn,бути одруженим,to be married,Die beiden sind seit über zwanzig Jahren glücklich verheiratet.
7,die Assoziation,"Çağrışım, cemiyet",تداعي الأفكار,تداعی معانی,Têkilî / Komele,асоціація,association,Bei dem Wort "Heimat" haben viele Menschen positive Assoziationen.
7,das Bedürfnis,"İhtiyaç, gereksinim",حاجة / احتياج,نیاز,Hewcedarî,потреба,need,Kinder haben ein natürliches Bedürfnis nach Sicherheit und Geborgenheit.
7,die Generation,"Nesil, kuşak",جيل,نسل,Nifş,покоління,generation,Zwischen den Generationen gibt es oft unterschiedliche Wertvorstellungen.
7,das Mitglied,"Üye",عضو,عضو,Endam,член (організації),member,Er ist seit letztem Jahr ein aktives Mitglied im örtlichen Sportverein.
7,die Patchwork-Familie,"Karma aile",عائلة مركبة,خانواده تکه‌ای,Malbata tevlihev,збірна сім'я,patchwork family,Das Leben in einer Patchwork-Familie erfordert viel Toleranz von allen.
7,akzeptieren,"Kabul etmek",يقبل,پذیرفتن,Pejirandin,акцептувати,to accept,In einer Partnerschaft muss man die Schwächen des anderen akzeptieren.
7,aufwachsen,"Büyümek, yetişmek",ينشأ / يترعرع,بزرگ شدن,Mezin bûn,виростати,to grow up,Ich bin in einem kleinen Dorf in den Bergen aufgewachsen.
7,finanziell,"Mali, finansal",مالي,مالی,Darayî,фінансовий,financial,Nach dem Studium möchte er endlich finanziell unabhängig sein.
7,multikulturell,"Çok kültürlü",متعدد الثقافات,چندفرهنگی,Pirçandî,мультикультурний,multicultural,Berlin ist eine sehr multikulturelle Stadt mit Menschen aus aller Welt.
7,verstorben,"Vefat etmiş, ölmüş",متوفى,فوت شده,Mirî / Çûyî ser dilovaniya xwe,померлий,deceased,Sein verstorbener Großvater war ein bekannter Erfinder in der Region.
8,der Durchschnitt,Ortalama,المتوسط,میانگین,Navînî,середнє значення,average,Im Durchschnitt verbraucht jeder Deutsche pro Jahr etwa 60 kg Fleisch.
8,konsumieren,Tüketmek,يستهلك,مصرف کردن,Mezaxtin,споживати,to consume,Heutzutage konsumieren wir viel mehr Ressourcen als früher.
8,der Beweggrund,"Güdü, saik, neden",دافع / سبب,انگیزه,Sedem,мотив / спонукання,motive / reason,Die ethischen Beweggründe für eine vegane Ernährung sind vielfältig.
8,die Debatte,Tartışma,مناظرة / نقاش,مناظره / بحث,Nîqaş,дебати,debate,Die öffentliche Debatte über die Zuckersteuer wird hitzig geführt.
8,das Entwicklungsland,Gelişmekte olan ülke,بلد نامٍ,کشور در حال توسعه,Welatê pêşveçûyî,країна, що розвивається,developing country,Viele Entwicklungsländer leiden massiv unter den Folgen des Klimawandels.
8,das Gewissen,Vicdan,ضمير,وجدان,Wijdan,совість,conscience,Viele Verbraucher kaufen Bio, um ein besseres Gewissen zu haben.
8,die Mangelerscheinung,Eksiklik belirtisi,أعراض نقص,علائم کمبود,Nîşana kêmasiyê,симптом дефіциту,deficiency symptom,Ohne ausgewogene Ernährung können ernsthafte Mangelerscheinungen auftreten.
8,die Massentierhaltung,Endüstriyel hayvancılık,تربية الحيوانات المكثفة,پرورش دام صنعتی,Heywandariya komî,інтенсивне тваринництво,factory farming,Die Kritik an der Massentierhaltung wächst stetig in der Gesellschaft.
8,der Mineralstoff,Mineral madde,مادة معدنية,ماده معدنی,Madenî,мінеральна речовина,mineral,Obst und Gemüse enthalten lebenswichtige Vitamine und Mineralstoffe.
8,der Nährstoffmangel,Besin eksikliği,نقص العناصر الغذائية,کمبود مواد مغذی,Kêmasiya xurdemeniyê,дефіцит поживних речовин,nutrient deficiency,Ein chronischer Nährstoffmangel kann die Leistungsfähigkeit beeinträchtigen.
8,der Organismus,Organizma,كائن حي / عضوية,ارگانیسم,Organîzma,організм,organism,Giftige Substanzen in der Nahrung können den Organismus schädigen.
8,die Pfanne,Tava,مقلاة,تابه,Tavê,сковорідка,pan,Er briet das Gemüse kurz in der Pfanne an, um Vitamine zu erhalten.
8,die Tendenz,Eğilim,ميل / نزعة,تمایل,Meyl,тенденція,tendency,Die Tendenz zum Kauf von regionalen Lebensmitteln ist gestiegen.
8,die Übersicht,Genel bakış / Özet,نظرة عامة,مرور کلی / فهرست,Kurte,огляд,overview,Das Etikett bietet dem Verbraucher eine schnelle Übersicht über Kalorien.
8,der Veganer,Vegan,شخص نباتي صرف,وگان,Vegan,веган,vegan,Als konsequenter Veganer verzichtet er auf alle tierischen Produkte.
8,der Vegetarier,Vejetaryen,شخص نباتي,گیاه‌خوار,Vejeteryan,вегетаріанвець,vegetarian,Viele Vegetarier entscheiden sich aus Respekt vor Tieren gegen Fleisch.
8,der Verzicht,Vazgeçme / Feragat,تنازل / تخلي,صرف‌نظر,Destjêberdan,відмова,renunciation,Der Verzicht auf Plastik ist ein wichtiger Schritt zum Umweltschutz.
8,das Vitamin,Vitamin,فيتامين,ویتامین,Vîtamîn,вітамін,vitamin,Während der Wintermonate sollte man auf genug Vitamin C achten.
8,das Wirtschaftswunder,Ekonomik mucize,معجزة اقتصادية,معجزه اقتصادی,Mucizeya aborî,економічне диво,economic miracle,Das deutsche Wirtschaftswunder führte zu einem rasanten Wohlstand.
9,die Abschlussarbeit,"Bitirme tezi",أطروحة التخرج,پایان‌نامه,Karê dawî / Tez,випускна робота,thesis,Sie schreibt gerade an ihrer Abschlussarbeit über künstliche Intelligenz.
9,die Abschlussprüfung,"Bitirme sınavı",امتحان التخرج,امتحان نهایی,Ezmûna dawî,випускний іспит,final exam,Vor der Abschlussprüfung war ich sehr nervös, aber ich habe sie bestanden.
9,der Ausbildungsberuf,"Mesleki eğitim dalı",مهنة تعليمية,رشته فنی و حرفه‌ای,Pîşeya perwerdeyê,професія,apprenticeship occupation,Mechatroniker ist ein sehr beliebter Ausbildungsberuf bei jungen Leuten.
9,das Ausbildungsjahr,"Eğitim yılı",سنة تدريبية,سال تحصیلی / آموزشی,Sala perwerdeyê,рік навчання,year of apprenticeship,Im zweiten Ausbildungsjahr verdienen die Azubis meist schon etwas mehr.
9,der Ausbildungsplatz,"Eğitim yeri",مكان تدريب,محل کارآموزی,Cihê perwerdeyê,місце навчання,apprenticeship position,Es ist gar nicht so einfach, einen guten Ausbildungsplatz in der IT zu finden.
9,die Dozentin / der Dozent,"Öğretim görevlisi",محاضر / أستاذ,مدرس دانشگاه,Mamosteyê zanîngehê,викладач,lecturer,Der Dozent erklärte das komplizierte Thema mit sehr einfachen Worten.
9,die Fachliteratur,"Teknik literatür",مؤلفات تخصصية,منابع تخصصی,Wêjeya pisporî,спеціальна література,specialist literature,Für meine Recherche musste ich viel Fachliteratur in der Bibliothek lesen.
9,das Gesellenstück,"Kalfalık eseri",قطعة فنية للخريج,اثر نهایی کارآموزی,Berhema hostatiyê,виріб для іспиту,journeyman's piece,Als Gesellenstück baute der junge Schreiner einen wunderschönen Schrank.
9,die Gliederung,"Plan, yapı, taslak",هيكلية / تقسيم,سرفصل / ساختار,Plana nivîsê,план / структура,outline / structure,Eine gute Gliederung hilft dabei, den roten Faden im Text nicht zu verlieren.
9,die Hochschule,"Yüksekokul, üniversite",مدرسة عليا / جامعة,دانشگاه / دانشکده,Zanîngeh,вища школа,university / college,Nach dem Abitur möchte sie an einer Hochschule für Design studieren.
9,der Kommilitone,"Okul arkadaşı (Üniv.)",زميل دراسة,هم‌دانشگاهی,Hevalê zanîngehê,однокурсник,fellow student,Ich lerne oft gemeinsam mit meinen Kommilitonen für die Prüfungen.
9,das Semester,"Dönem",فصل دراسي,ترم / نیم‌سال,Semester / Demsal,семестр,semester,Das erste Semester an der Universität war für mich sehr aufregend.
9,die Seminararbeit,"Seminer ödevi",بحث السمينار,تحقیق کلاسی,Karê semînarê,семінарська робота,seminar paper,Ich muss bis Ende des Monats noch meine Seminararbeit fertigstellen.
9,der Studiengang,"Öğrenim dalı",فرع دراسي,رشته تحصیلی,Beşa xwendinê,навчальний курс,degree program,Der Studiengang Informatik ist an unserer Universität sehr überlaufen.
9,der Stundenplan,"Ders programı",جدول الحصص,برنامه هفتگی,Bernameya dersan,розклад занять,timetable,Mein Stundenplan ist dieses Semester zum Glück nicht so voll.
9,die Universität,"Üniversite",جامعة,دانشگاه,Zanîngeh,університет,university,Die Universität Heidelberg ist eine der ältesten Universitäten Deutschlands.
9,die Vorlesung,"Ders (Üniv.)",محاضرة,سخنرانی استاد,Dersa zanîngehê,лекція,lecture,Die Vorlesung über Geschichte war heute besonders interessant.
9,das Vorlesungsverzeichnis,"Ders kataloğu",دليل المحاضرات,دفترچه واحدها,Lîsteya dersan,розклад лекцій,course catalog,Im Vorlesungsverzeichnis stehen alle Kurse, die man belegen kann.
10,die Begleitung,"Refakat, eşlik",مرافقة / صحبة,همراهی,Hevaltî,супровід,accompaniment,Senioren brauchen beim Einkaufen oft eine ehrenamtliche Begleitung.
10,in Anspruch nehmen,"Yararlanmak, kullanmak",يستفيد من / يستخدم,از چیزی استفاده کردن,Tiştekî bi kar anîn,скористатися,to make use of,Wir sollten die Hilfe eines Experten in Anspruch nehmen.
10,die Dienstleistung,"Hizmet",خدمة,خدمت,Xizmet,послуга,service,Unser Unternehmen bietet verschiedene Dienstleistungen im IT-Bereich an.
10,die Unterbringung,"Konaklama",إقامة / إسكان,اسکان,Cîwar kirin,розміщення,accommodation,Die Unterbringung der Gäste erfolgt in einem nahegelegenen Hotel.
10,der Werbespruch,"Slogan",شعار إعلاني,شعار تبلیغاتی,Dirûşmê reklamê,рекламне гасло,advertising slogan,Ein guter Werbespruch bleibt den Kunden lange im Gedächtnis.
10,der Zusatz,"Ek, ilave",إضافة / ملحق,ضمیمه,Lêzêdekirin,додаток,addition / supplement,Ohne den Zusatz von Zucker schmeckt der Tee viel gesünder.
10,sich ausschließen,"Birbirini dışlamak",يستبعد أحدهما الآخر,یکدیگر را نفی کردن,Hev derxistin,виключати один одного,to exclude each other,Qualität und ein günstiger Preis müssen sich nicht ausschließen.
10,erhältlich,"Mevcut, temin edilebilir",متوفر / متاح,موجود,Peydakirî,наявний у продажу,available,Dieses Ersatzteil ist leider nur im Fachhandel erhältlich.
10,knifflig,"Çetrefilli, karışık",معقد / şائك,دشوار,Tevlîhev,каверзний,tricky,Die Reparatur des alten Radios war eine ziemlich knifflige Aufgabe.
10,platt,"Düz, yassı, sönük",مسطح / تافه,تخت / بی مزه,Plat / Pan,плоский,flat,Nach dem Nagel im Reifen war dieser völlig platt.
10,unersetzlich,"Yeri doldurulamaz",لا يعوض,جایگزین‌ناپذیر,Bêhempa,незамінний,irreplaceable,Für unser Team ist sie eine unersetzliche Mitarbeiterin.
10,unschlagbar,"Yenilmez, rakipsiz",لا يقهر,شکست‌ناپذیر,Bêhempa,неперевершений,unbeatable,Das Preis-Leistungs-Verhältnis dieses Angebots ist unschlagbar.
11,das Gesundheitswesen,"Sağlık sistemi",النظام الصحي,سیستم بهداشتی,Sîstema tenduristiyê,охорона здоров'я,healthcare system,Das deutsche Gesundheitswesen gilt als eines der besten weltweit.
11,der Patient,"Hasta",مريض,بیمار,Nexweş,пацієнт,patient,Der Arzt nimmt sich viel Zeit für jeden einzelnen Patienten.
11,operieren,"Ameliyat etmek",يجري عملية,عمل کردن,Operasyon kirin,оперувати,to operate,Der Chirurg wird den Patienten morgen früh am Knie operieren.
11,der Anspruch,"Hak, talep",استحقاق / مطلب,ادعا / توقع,Maf / Daxwaz,претензія / вимога,claim / requirement,Jeder Arbeitnehmer hat einen Anspruch auf bezahlten Urlaub.
11,der Bedarf,"İhtiyaç",حاجة / احتياج,نیاز,Hewcedarî,потреба,demand / need,In der Stadt gibt es einen großen Bedarf an bezahlbarem Wohnraum.
11,das Hauptmotiv,"Ana motif, temel neden",الدافع الرئيسي,انگیزه اصلی,Sedema sereke,головний мотив,main motive,Das Hauptmotiv für seine Reise war der Wunsch nach Abenteuer.
11,die Hürde,"Engel",عقبة,مانع,Asteng,перешкода,hurdle,Die Sprache ist oft die größte Hürde bei der Integration.
11,der Knochenjob,"Çok ağır iş",عمل شاق جداً,کار بسیار سخت,Karê giran,важка робота,backbreaking job,Die Arbeit auf dem Bau ist ein echter Knochenjob.
11,das Prestige,"Prestij, saygınlık",برستيج / هيبة,اعتبار,Rûmet,престиж,prestige,Manche Berufe bringen viel Prestige, aber wenig Freizeit mit sich.
11,die Schuld,"Suç, borç",ذنب / مديونية,گناه / بدهی,Sûç / Deyndarî,вина / борг,debt / guilt,Er konnte seine Schulden endlich vollständig zurückzahlen.
11,die Zulassung,"Onay, kabul, izin",ترخيص / قبول,پذیرش,Destûr / Pejirandin,допуск,admission / licence,Ohne die Zulassung darf das neue Medikament nicht verkauft werden.
11,akut,"Akut, ivedi",حاد,حاد,Akût,гострий,acute,Bei akuten Schmerzen sollten Sie sofort einen Arzt aufsuchen.
11,angesehen,"Saygın",محترم / مرموق,معتبر,Birûmet,шанований,respected,Er ist ein angesehener Experte auf dem Gebiet der Medizin.
11,ansehnlich,"Hatırı sayılır",لائق / ضخم,قابل توجه,Balkêş,чималий,considerable,Das Unternehmen konnte dieses Jahr einen ansehnlichen Gewinn machen.
11,belastbar,"Dayanıklı",متحمل للضغوط,با استقامت,Berxwedêr,стресостійкий,resilient,In diesem Beruf muss man auch in Stresssituationen belastbar sein.
12,der Extremsportler,"Ekstrem sporcu",رياضي رياضات خطرة,ورزشکار رشته‌های سخت,Yariykerekî rîskî,екстремал,extreme athlete,Extremsportler suchen immer wieder neue Herausforderungen.
12,der Lebenstraum,"Hayat rüyası",حلم الحياة,رویای زندگی,Xewna jiyanê,мрія життя,life dream,Sein Lebenstraum war es schon immer, einmal um die Welt zu segeln.
12,der Lebensraum,"Yaşam alanı",بيئة معيشية,زیستگاه,Cihê jiyanê,життєвий простір,habitat,Wir müssen den natürlichen Lebensraum bedrohter Tiere schützen.
12,die Aktion,"Eylem, kampanya",حملة / نشاط,اقدام,Çalakî,акція,action / campaign,Die Umweltschutzorganisation startete eine Aktion gegen Plastikmüll.
12,die Ausrüstung,"Ekipman, donanım",معدات / تجهيزات,تجهیزات,Amûr,спорядження,equipment,Für die Bergtour ist eine gute Ausrüstung lebenswichtig.
12,das Element,"Element, öğe",عنصر,عنصر,Hêman,елемент,element,Wasser ist das wichtigste element für alles Leben auf der Erde.
12,die Etappe,"Etap, aşama",مرحلة / محطة,مرحله,Qonax,етап,stage,Die erste Etappe der Wanderung war sehr anstrengend.
12,der Geschäftsbericht,"Faaliyet raporu",تقرير العمل السنوي,گزارش عملکرد,Rapora karsaziyê,річний звіт,annual report,Der Geschäftsbericht zeigt, dass die Firma stabil wächst.
12,der Konzern,"Holding, büyük şirket",شركة كبرى,کنسرسیوم,Parganî,концерн,corporation,Der internationale Konzern hat Standorte in über 50 Ländern.
12,die Mündung,"Nehir ağzı",مصب النهر,دهانه رودخانه,Devê çem,гирло,mouth (of a river),An der Mündung des Flusses liegt eine wunderschöne Hafenstadt.
12,das Motiv,"Motiv, neden",دافع / موضوع,انگیزه,Sedem,мотив,motive / theme,Das Motiv der Freiheit zieht sich durch das ganze Buch.
12,die Provokation,"Provokasyon, kışkırtma",استفزاز,تحریک,Provokasyon,провокація,provocation,Seine Äußerungen wurden von vielen als Provokation empfunden.
12,die Quelle,"Kaynak",مصدر,منبع,Kanî / Jêder,джерело,source,Man sollte Informationen immer aus einer sicheren Quelle beziehen.
12,die Ressource,"Kaynak, rezerv",مورد / مصدر,منبع,Çavkanî,ресурс,resource,Wasser wird in Zukunft eine immer knappere Ressource sein.
12,der Respekt,"Saygı",احترام,احترام,Rêz,повага,respect,Respekt vor anderen Kulturen ist die Basis für Frieden.
12,das Wunder,"Mucize",معجزة,معجزه,Mucize,диво,miracle,Es ist ein Wunder, dass bei dem Unfall niemand verletzt wurde.